qid	question	gold	robust	cascade	F1 robust	F1 cascade	route
locomo:conv-26:qa14	Would Caroline still want to pursue counseling as a career if she hadn't received support growing up?	Likely no	insufficient information	likely no	0.0	100.0	PLAN
locomo:conv-26:qa2	What fields would Caroline be likely to pursue in her educaton?	Psychology, counseling certification	counseling, mental health	counseling, mental health	33.33	33.33	DIRECT
locomo:conv-26:qa22	Would Caroline likely have Dr. Seuss books on her bookshelf?	Yes, since she collects classic children's books	likely yes	likely yes	22.22	22.22	DIRECT
locomo:conv-26:qa27	Would Caroline pursue writing as a career option?	LIkely no; though she likes reading, she wants to be a counselor	insufficient information	insufficient information	0.0	0.0	DIRECT
locomo:conv-26:qa30	Would Melanie be considered a member of the LGBTQ community?	Likely no, she does not refer to herself as part of it	insufficient information	insufficient information	0.0	0.0	DIRECT
locomo:conv-26:qa42	Would Melanie be more interested in going to a national park or a theme park?	National park; she likes the outdoors	national park	national park	100.0	100.0	DIRECT
locomo:conv-26:qa46	Would Melanie be considered an ally to the transgender community?	Yes, she is supportive	likely yes	likely yes	33.33	33.33	DIRECT
locomo:conv-26:qa50	What would Caroline's political leaning likely be?	Liberal	likely left	likely progressive	0.0	0.0	DIRECT
locomo:conv-26:qa59	Would Caroline be considered religious?	Somewhat, but not extremely religious	insufficient information	no	0.0	0.0	DIRECT
locomo:conv-26:qa64	Would Melanie likely enjoy the song "The Four Seasons" by Vivaldi?	Yes; it's classical music	likely yes	likely yes	66.67	66.67	DIRECT
locomo:conv-26:qa69	What personality traits might Melanie say Caroline has?	Thoughtful, authentic, driven	caring, kind, passionate, hardworking, dedicated, courageous	caring, kind, passionate, hardworking, dedicated, inspiring, courageous, creative	0.0	0.0	DIRECT
locomo:conv-26:qa77	Would Melanie go on another roadtrip soon?	Likely no; since this one went badly	likely no	likely yes	100.0	50.0	DIRECT
locomo:conv-26:qa81	Would Caroline want to move back to her home country soon?	No; she's in the process of adopting children.	insufficient information	insufficient information	0.0	0.0	DIRECT
locomo:conv-41:qa14	Would John be considered a patriotic person?	Yes	likely yes	likely yes	66.67	66.67	DIRECT
locomo:conv-41:qa17	What might John's degree be in?	Political science, Public administration, Public affairs	mechanical engineering	education and infrastructure	0.0	0.0	DIRECT
locomo:conv-41:qa39	Around which US holiday did Maria get into a car accident?	Independence Day	Independence Day	Independence Day	100.0	100.0	PLAN
locomo:conv-41:qa41	Does John live close to a beach or the mountains?	beach	insufficient information	beach	0.0	100.0	DIRECT
locomo:conv-41:qa45	Would John be open to moving to another country?	No, he has goals specifically in the U.S. like joining the military and running for office.	likely yes	insufficient information	13.33	0.0	DIRECT
locomo:conv-41:qa50	What attributes describe John?	Selfless, family-oriented, passionate, rational	creative, dedicated, committed, passionate, adaptable, respectful, persevering, determined, appreciative, inspired, fulfilling, meaningful, purposeful	helpful, kind, optimistic, dedicated, committed, respectful, passionate, determined, inspired, purposeful, supportive	11.76	13.33	DIRECT
locomo:conv-41:qa64	What job might Maria pursue in the future?	Shelter coordinator, Counselor	volunteering	volunteering	0.0	0.0	DIRECT
locomo:conv-41:qa8	What might John's financial status be?	Middle-class or wealthy	struggling	struggling	0.0	0.0	DIRECT
locomo:conv-42:qa0	Is it likely that Nate has friends besides Joanna?	Yesteammates on hisvideo game team.	likely yes	likely yes	0.0	0.0	DIRECT
locomo:conv-42:qa12	What underlying condition might Joanna have based on her allergies?	asthma	allergies	allergic reactions	0.0	0.0	PLAN
locomo:conv-42:qa14	What nickname does Nate use for Joanna?	Jo	insufficient information	insufficient information	0.0	0.0	DIRECT
locomo:conv-42:qa4	What pets wouldn't cause any discomfort to Joanna?	Hairless cats or pigs,since they don't have fur, which is one of the main causes of Joanna's allergy.	turtles	tortoises	0.0	0.0	DIRECT
locomo:conv-42:qa60	What Console does Nate own?	A Nintendo Switch; since the game "Xenoblade 2" is made for this console.	Nintendo	insufficient information	66.67	0.0	DIRECT
locomo:conv-42:qa66	What alternative career might Nate consider after gaming?	an animalkeeper at a localzoo and workingwith turtles; as heknows a great dealabout turtles andhow to care for them,and he enjoys it.	writing	making videos	0.0	0.0	DIRECT
locomo:conv-42:qa68	How many hikes has Joanna been on?	Four	3	3	0.0	0.0	PLAN
locomo:conv-42:qa73	What state did Joanna visit in summer 2021?	Indiana	insufficient information	insufficient information	0.0	0.0	PLAN
locomo:conv-42:qa84	Was the first half of September 2022 a good month career-wise for Nate and Joanna? Answer yes or no.	No; because both of them faced setbacks in their career	likely no	likely yes	66.67	0.0	PLAN
locomo:conv-42:qa85	What kind of job is Joanna beginning to preform the duties of because of her movie scripts?	filmmaker.	writer	writing	0.0	0.0	PLAN
locomo:conv-42:qa87	What state did Nate visit?	Florida	insufficient information	insufficient information	0.0	0.0	PLAN
locomo:conv-43:qa15	Who is Anthony?	likely John's friend, colleague or family	John's friend	John's friend	50.0	50.0	DIRECT
locomo:conv-43:qa19	What is a prominent charity organization that John might want to work with and why?	Good Sports, because they work with Nike, Gatorade, and Under Armour and they aim toprovide youth sports opportunities for kids ages 3-18 in high-need communities.	local organization to help disadvantaged kids	local organization, to make a positive impact and inspire others	6.9	0.0	DIRECT
locomo:conv-43:qa27	Which popular time management technique does Tim use to prepare for exams?	Pomodoro technique	Pomodoro Technique	breaks	100.0	0.0	DIRECT
locomo:conv-43:qa28	Which popular music composer's tunes does Tim enjoy playing on the piano?	John Williams	insufficient information	insufficient information	0.0	0.0	PLAN
locomo:conv-43:qa3	Would Tim enjoy reading books by C. S. Lewis or John Greene?	C. S.Lewis	likely yes	likely yes	0.0	0.0	DIRECT
locomo:conv-43:qa32	Which US states might Tim be in during September 2023 based on his plans of visiting Universal Studios?	California or Florida	Florida	Florida	50.0	50.0	PLAN
locomo:conv-43:qa34	What could John do after his basketball career?	become a basketball coach since he likes giving back and leadership	start a foundation, do charity work, build his brand	start a foundation, do charity work, build his brand	0.0	0.0	DIRECT
locomo:conv-43:qa5	Based on Tim's collections, what is a shop that he would enjoy visiting in New York city?	House of MinaLima	a bookstore	Harry Potter store	0.0	0.0	PLAN
locomo:conv-43:qa51	What kind of yoga for building core strength might John benefit from?	Hatha Yoga	Warrior II pose	Warrior II pose	0.0	0.0	DIRECT
locomo:conv-43:qa53	What other exercises can help John with his basketball performance?	Sprinting, long-distance running, and boxing.	yoga, physical therapy exercises	strength training,yoga,physical therapy exercises	0.0	0.0	DIRECT
locomo:conv-43:qa66	What is a Star Wars book that Tim might enjoy?	Star Wars: Jedi Apprentice by Judy Blundell and David Farland. It is a highly rated and immersive series about his favorite movies.	The Hobbit	fantasy books	0.0	0.0	DIRECT
locomo:conv-43:qa67	What would be a good hobby related to his travel dreams for Tim to pick up?	Writing a travel blog.	reading fantasy novels	reading travel stories	0.0	33.33	PLAN
locomo:conv-43:qa70	Which Star Wars-related locations would Tim enjoy during his visit to Ireland?	Skellig Michael, Malin Head, Loop Head, Ceann Sibéal, and Brow Head because they are Star Wars filming locations.	insufficient information	insufficient information	0.0	0.0	PLAN
locomo:conv-43:qa8	Which outdoor gear company likely signed up John for an endorsement deal?	Under Armour	a renowned outdoor gear company	renowned outdoor gear company	0.0	0.0	PLAN
locomo:conv-44:qa19	What is an indoor activity that Andrew would enjoy doing while make his dog happy?	cook dog treats	playing fetch	playing with a ball	0.0	0.0	DIRECT
locomo:conv-44:qa20	Which meat does Audrey prefer eating more than others?	chicken	chicken	chicken	100.0	100.0	DIRECT
locomo:conv-44:qa33	What can Andrew potentially do to improve his stress and accomodate his living situation with his dogs?	Change to a hybrid or remote job so he can move away from the city to the suburbs to have a larger living space and be closer to nature.	find a dog-friendly place to live, use positive reinforcement, give dogs puzzles, training, and hide-and-seek, socialize and exercise his dogs daily	find a pet-friendly place to live, socialize and exercise his dogs daily, give his dogs puzzles, training, and hide-and-seek activities	9.52	9.76	DIRECT
locomo:conv-44:qa43	Which US state do Audrey and Andrew potentially live in?	Minnesota	insufficient information	insufficient information	0.0	0.0	PLAN
locomo:conv-44:qa44	Which national park could Audrey and Andrew be referring to in their conversations?	Voyageurs National Park	insufficient information	insufficient information	0.0	0.0	PLAN
locomo:conv-44:qa52	What is something that Andrew could do to make birdwatching hobby to fit in his city schedule?	Install a bird feeder outside where he can see the birds without going outdoors.	try to go to nearby parks or on hikes whenever he can	go to nearby parks or on hikes whenever he can	25.0	27.27	DIRECT
locomo:conv-44:qa53	What is a career that Andrew could potentially pursue with his love for animals and nature?	Park ranger or a similar position working for the National Park Services.	veterinarian	dog grooming	0.0	0.0	DIRECT
locomo:conv-47:qa0	What are John's suspected health problems?	Obesity	insufficient information	insufficient information	0.0	0.0	DIRECT
locomo:conv-47:qa12	Did James have a girlfriend during April 2022?	Presumably not	no	no	0.0	0.0	PLAN
locomo:conv-47:qa16	What is the game with different colored cards that was John talking about with James?	UNO	a game with multi-colored cards with numbers	a game with multi-colored cards with numbers	0.0	0.0	DIRECT
locomo:conv-47:qa17	What is the board game where you have to find the imposter that John mentions to James?	Mafia	Dungeons of the Dragon	Dungeons of the Dragon	0.0	0.0	DIRECT
locomo:conv-47:qa19	Was James feeling lonely before meeting Samantha?	Most likely yes, because he mentioned that the only creatures that gave him joy are dogs and he was actively trying to date.	likely no	insufficient information	8.7	0.0	PLAN
locomo:conv-47:qa25	Are John and James fans of the same football team?	No, James is a Liverpool fan and John is a Manchester City fan.	no	no	18.18	18.18	PLAN
locomo:conv-47:qa30	Which country did James book tickets for in July 2022?	Canada	Toronto	Toronto	0.0	0.0	PLAN
locomo:conv-47:qa33	Did John and James study together?	Yes	no	no	0.0	0.0	PLAN
locomo:conv-47:qa35	What additional country did James visit during his trip to Canada?	Greenland	Nuuk	Nuuk	0.0	0.0	PLAN
locomo:conv-47:qa36	Who is Jill?	Most likely John's partner.	James's sister	insufficient information	0.0	0.0	DIRECT
locomo:conv-47:qa44	Why didn't John want to go to Starbucks?	Possibly because he likes to drink beer on his days off.	John does not like dark beer, and Starbucks was suggested for coffee.	John prefers meeting up at a place other than Starbucks.	18.18	0.0	DIRECT
locomo:conv-47:qa6	Does James live in Connecticut?	Likely yes	likely yes	insufficient information	100.0	0.0	DIRECT
locomo:conv-47:qa7	In which state is the shelter from which James adopted the puppy?	Connecticut.	insufficient information	insufficient information	0.0	0.0	PLAN
locomo:conv-48:qa18	In what country did Jolene buy snake Seraphim?	In France	Paris	Paris	0.0	0.0	PLAN
locomo:conv-48:qa36	How old is Jolene?	likely no more than 30; since she's in school	insufficient information	insufficient information	0.0	0.0	DIRECT
locomo:conv-48:qa5	In what country did Jolene's mother buy her the pendant?	In France	Paris	Paris	0.0	0.0	PLAN